{
  "inputs": {
    "alpha": 0.0078125,
    "G_F": 1.1663787e-05,
    "m_Z_GeV": 91.1876
  },
  "tree": {
    "sin2": 0.2334340690619553,
    "m_W_GeV": 79.8381642219343
  },
  "with_delta_r": {
    "delta_r=0.0": {
      "sin2": 0.23343406906195519,
      "m_W_GeV": 79.8381642219343
    },
    "delta_r=0.02": {
      "sin2": 0.24037429701613977,
      "m_W_GeV": 79.47592863751984
    }
  }
}