{
  "routes": {
    "geom_exp_omega": {
      "U": [
        [
          0.3399087870667559,
          0.3322068537577215,
          0.32788435917552256
        ],
        [
          0.32970056241517315,
          0.33734438949143425,
          0.3329550480933926
        ],
        [
          0.32681266678835824,
          0.3343895404611312,
          0.3387977927505107
        ]
      ],
      "angles": {
        "theta12_deg": 20.588063463230167,
        "theta23_deg": 20.63654390029128,
        "theta13_deg": 19.140414908405244,
        "delta_CP_deg": null
      }
    },
    "phase_cos": {
      "U": [
        [
          0.6255108917222465,
          0.2937155699426957,
          0.08077353833505771
        ],
        [
          0.2055481510562902,
          0.43774528971740856,
          0.35670655922630123
        ],
        [
          0.06642582580325838,
          0.41917207682633334,
          0.5144020973704083
        ]
      ],
      "angles": {
        "theta12_deg": 17.138256102424183,
        "theta23_deg": 20.96980655179852,
        "theta13_deg": 4.633030116796323,
        "delta_CP_deg": null
      }
    },
    "mixed": {
      "U": [
        [
          0.356301554030982,
          0.3299975610548728,
          0.31370088491414516
        ],
        [
          0.322574559089995,
          0.34310712209590233,
          0.3343183188141026
        ],
        [
          0.3118671858719322,
          0.33925582239188673,
          0.3488769917361811
        ]
      ],
      "angles": {
        "theta12_deg": 20.336971458543186,
        "theta23_deg": 20.615277584770293,
        "theta13_deg": 18.282405209082174,
        "delta_CP_deg": null
      }
    },
    "mixed_ortho": {
      "U": [
        [
          0.41470835870032613,
          0.5178605439376891,
          0.06743109736198469
        ],
        [
          0.33843032591805966,
          0.21255163626395662,
          0.4490180378179838
        ],
        [
          0.3159355078640167,
          0.3026667438803219,
          0.38139774825566136
        ]
      ],
      "angles": {
        "theta12_deg": 31.268007166732808,
        "theta23_deg": 26.7464020289518,
        "theta13_deg": 3.8664511656946554,
        "delta_CP_deg": null
      }
    },
    "energy_weighted": {
      "U": [
        [
          0.4904386620411302,
          0.3119195797991905,
          0.19764175815967927
        ],
        [
          0.2642646056943253,
          0.3902618390199001,
          0.3454735552857746
        ],
        [
          0.18957278662101917,
          0.3790751516349663,
          0.4313520617440145
        ]
      ],
      "angles": {
        "theta12_deg": 18.55387479685808,
        "theta23_deg": 20.63573456271927,
        "theta13_deg": 11.399089237751621,
        "delta_CP_deg": null
      }
    }
  },
  "notes": {
    "principle": "多路关系：几何重叠与相位重叠（零参数）；由 (n_e,n_μ,n_τ) 与 g,β_Γ 决定",
    "status": "experimental"
  }
}