{
  "0.000511": {
    "J": 978000000.0,
    "E": 2934000000.0,
    "Gamma": 978.0,
    "g": 1e-06,
    "m_e_MeV": 0.511,
    "m_mu_MeV": 105.622,
    "m_tau_MeV": 1776.933,
    "delta_m_np": 1.29,
    "delta_m_np_MeV": 1.29,
    "weinberg_angle": 0.19470405063229182,
    "sin2_theta_W": 0.19470405063229182,
    "m_t_GeV": 172.8,
    "m_d_mu_diff_MeV": 0.0,
    "m_u_MeV": 2.2,
    "m_d_MeV": 4.7,
    "m_s_MeV": 95.0,
    "m_c_GeV": 1.27,
    "m_b_GeV": 4.18,
    "m_W_GeV": 80.3805,
    "m_Z_GeV": 91.18874087046053,
    "electron_g2": 0.00115965218073,
    "a_e": 0.00115965218073,
    "V_us": 0.2253,
    "n_s": 0.9642,
    "cmb_spectral_index": 0.9642,
    "theta_angle": 0.0,
    "strong_cp_angle": 0.0,
    "alpha_em@mu": 0.007297352573756914,
    "alpha_s@mu": 37695914.53507701,
    "delta_m_np_dynamic_MeV": 2.1981549426772733
  },
  "0.10566": {
    "J": 943767813.0907975,
    "E": 2831303439.272389,
    "Gamma": 188353.59184432327,
    "g": 0.00019957619790769685,
    "m_e_MeV": 0.511,
    "m_mu_MeV": 105.622,
    "m_tau_MeV": 1776.933,
    "delta_m_np": 1.29,
    "delta_m_np_MeV": 1.29,
    "weinberg_angle": 0.20699808307638726,
    "sin2_theta_W": 0.20699808307638726,
    "m_t_GeV": 172.8,
    "m_d_mu_diff_MeV": 0.0,
    "m_u_MeV": 2.2,
    "m_d_MeV": 4.7,
    "m_s_MeV": 95.0,
    "m_c_GeV": 1.27,
    "m_b_GeV": 4.18,
    "m_W_GeV": 80.3805,
    "m_Z_GeV": 91.18874087046053,
    "electron_g2": 0.00115965218073,
    "a_e": 0.00115965218073,
    "V_us": 0.2253,
    "n_s": 0.9642,
    "cmb_spectral_index": 0.9642,
    "theta_angle": 0.0,
    "strong_cp_angle": 0.0,
    "alpha_em@mu": 0.0072984847383775605,
    "alpha_s@mu": 3.900706549947751,
    "delta_m_np_dynamic_MeV": 2.1981549426908678
  },
  "1.0": {
    "J": 929699162.8871485,
    "E": 2789097488.661441,
    "Gamma": 1742146.7748401582,
    "g": 0.0018738822668506894,
    "m_e_MeV": 0.511,
    "m_mu_MeV": 105.622,
    "m_tau_MeV": 1776.933,
    "delta_m_np": 1.29,
    "delta_m_np_MeV": 1.29,
    "weinberg_angle": 0.209320055899943,
    "sin2_theta_W": 0.209320055899943,
    "m_t_GeV": 172.8,
    "m_d_mu_diff_MeV": 2.4,
    "m_u_MeV": 2.2,
    "m_d_MeV": 4.7,
    "m_s_MeV": 95.0,
    "m_c_GeV": 1.27,
    "m_b_GeV": 4.18,
    "m_W_GeV": 80.3805,
    "m_Z_GeV": 91.18874087046053,
    "electron_g2": 0.00115965218073,
    "a_e": 0.00115965218073,
    "V_us": 0.2253,
    "n_s": 0.9642,
    "cmb_spectral_index": 0.9642,
    "theta_angle": 0.0,
    "strong_cp_angle": 0.0,
    "alpha_em@mu": 0.007430616023428199,
    "alpha_s@mu": 0.28771020437432776,
    "delta_m_np_dynamic_MeV": 2.1981549438757777
  },
  "10.0": {
    "J": 915505365.769737,
    "E": 2746516097.309212,
    "Gamma": 16763545.388714464,
    "g": 0.018310701406561436,
    "m_e_MeV": 0.511,
    "m_mu_MeV": 105.622,
    "m_tau_MeV": 1776.933,
    "delta_m_np": 1.29,
    "delta_m_np_MeV": 1.29,
    "weinberg_angle": 0.21433271827092082,
    "sin2_theta_W": 0.21433271827092082,
    "m_t_GeV": 172.8,
    "m_d_mu_diff_MeV": 0.0,
    "m_u_MeV": 2.2,
    "m_d_MeV": 4.7,
    "m_s_MeV": 95.0,
    "m_c_GeV": 1.27,
    "m_b_GeV": 4.18,
    "m_W_GeV": 80.3805,
    "m_Z_GeV": 91.18874087046053,
    "electron_g2": 0.00115965218073,
    "a_e": 0.00115965218073,
    "V_us": 0.2253,
    "n_s": 0.9642,
    "cmb_spectral_index": 0.9642,
    "theta_angle": 0.0,
    "strong_cp_angle": 0.0,
    "alpha_em@mu": 0.007695242289512528,
    "alpha_s@mu": 0.17327957214533882,
    "delta_m_np_dynamic_MeV": 2.2783272411119024
  },
  "85.0": {
    "J": 902626834.0690219,
    "E": 2707880502.2070646,
    "Gamma": 122987760.65707384,
    "g": 0.136255378208343,
    "m_e_MeV": 0.511,
    "m_mu_MeV": 105.622,
    "m_tau_MeV": 1776.933,
    "delta_m_np": 1.29,
    "delta_m_np_MeV": 1.29,
    "weinberg_angle": 0.22267533048542226,
    "sin2_theta_W": 0.22267533048542226,
    "m_t_GeV": 172.8,
    "m_d_mu_diff_MeV": 0.0,
    "m_u_MeV": 2.2,
    "m_d_MeV": 4.7,
    "m_s_MeV": 95.0,
    "m_c_GeV": 1.27,
    "m_b_GeV": 4.18,
    "m_W_GeV": 80.3805,
    "m_Z_GeV": 91.18874087046053,
    "electron_g2": 0.00115965218073,
    "a_e": 0.00115965218073,
    "V_us": 0.2253,
    "n_s": 0.9642,
    "cmb_spectral_index": 0.9642,
    "theta_angle": 0.0,
    "strong_cp_angle": 0.0,
    "alpha_em@mu": 0.007812102750777816,
    "alpha_s@mu": 0.11879625387765477,
    "delta_m_np_dynamic_MeV": 2.3161671038425697
  },
  "91.1876": {
    "J": 902219818.2930506,
    "E": 2706659454.879153,
    "Gamma": 130585450.66031732,
    "g": 0.14473795411341958,
    "m_e_MeV": 0.511,
    "m_mu_MeV": 105.622,
    "m_tau_MeV": 1776.933,
    "delta_m_np": 1.29,
    "delta_m_np_MeV": 1.29,
    "weinberg_angle": 0.22300366794336277,
    "sin2_theta_W": 0.22300366794336277,
    "m_t_GeV": 172.8,
    "m_d_mu_diff_MeV": 0.0,
    "m_u_MeV": 2.2,
    "m_d_MeV": 4.7,
    "m_s_MeV": 95.0,
    "m_c_GeV": 1.27,
    "m_b_GeV": 4.18,
    "m_W_GeV": 80.3805,
    "m_Z_GeV": 91.18874087046053,
    "electron_g2": 0.00115965218073,
    "a_e": 0.00115965218073,
    "V_us": 0.2253,
    "n_s": 0.9642,
    "cmb_spectral_index": 0.9642,
    "theta_angle": 0.0,
    "strong_cp_angle": 0.0,
    "alpha_em@mu": 0.007816,
    "alpha_s@mu": 0.11753328100854936,
    "delta_m_np_dynamic_MeV": 2.317014483814021
  },
  "246.0": {
    "J": 896866034.8747573,
    "E": 2690598104.6242657,
    "Gamma": 280984318.0232352,
    "g": 0.3132957510900423,
    "m_e_MeV": 0.511,
    "m_mu_MeV": 105.622,
    "m_tau_MeV": 1776.933,
    "delta_m_np": 1.29,
    "delta_m_np_MeV": 1.29,
    "weinberg_angle": 0.22690199571758005,
    "sin2_theta_W": 0.22690199571758005,
    "m_t_GeV": 172.8,
    "m_d_mu_diff_MeV": 0.0,
    "m_u_MeV": 2.2,
    "m_d_MeV": 4.7,
    "m_s_MeV": 95.0,
    "m_c_GeV": 1.27,
    "m_b_GeV": 4.18,
    "m_W_GeV": 80.3805,
    "m_Z_GeV": 91.18874087046053,
    "electron_g2": 0.00115965218073,
    "a_e": 0.00115965218073,
    "V_us": 0.2253,
    "n_s": 0.9642,
    "cmb_spectral_index": 0.9642,
    "theta_angle": 0.0,
    "strong_cp_angle": 0.0,
    "alpha_em@mu": 0.007949747627315226,
    "alpha_s@mu": 0.11082433657910143,
    "delta_m_np_dynamic_MeV": 2.3204980774348134
  },
  "1000.0": {
    "J": 892499749.5954466,
    "E": 2677499248.786338,
    "Gamma": 579826124.6009353,
    "g": 0.6496653078768477,
    "m_e_MeV": 0.511,
    "m_mu_MeV": 105.622,
    "m_tau_MeV": 1776.933,
    "delta_m_np": 1.29,
    "delta_m_np_MeV": 1.29,
    "weinberg_angle": 0.22771890898748517,
    "sin2_theta_W": 0.22771890898748517,
    "m_t_GeV": 172.8,
    "m_d_mu_diff_MeV": 0.0,
    "m_u_MeV": 2.2,
    "m_d_MeV": 4.7,
    "m_s_MeV": 95.0,
    "m_c_GeV": 1.27,
    "m_b_GeV": 4.18,
    "m_W_GeV": 80.3805,
    "m_Z_GeV": 91.18874087046053,
    "electron_g2": 0.00115965218073,
    "a_e": 0.00115965218073,
    "V_us": 0.2253,
    "n_s": 0.9642,
    "cmb_spectral_index": 0.9642,
    "theta_angle": 0.0,
    "strong_cp_angle": 0.0,
    "alpha_em@mu": 0.00803973680292815,
    "alpha_s@mu": 0.08612639827219995,
    "delta_m_np_dynamic_MeV": 2.3325306761728375
  },
  "1000000.0": {
    "J": 924952716.1040679,
    "E": 2774858148.312199,
    "Gamma": 924479818.7286228,
    "g": 0.9994887334593308,
    "m_e_MeV": 0.511,
    "m_mu_MeV": 105.622,
    "m_tau_MeV": 1776.933,
    "delta_m_np": 1.29,
    "delta_m_np_MeV": 1.29,
    "weinberg_angle": 0.22692535005567685,
    "sin2_theta_W": 0.22692535005567685,
    "m_t_GeV": 172.8,
    "m_d_mu_diff_MeV": 0.0,
    "m_u_MeV": 2.2,
    "m_d_MeV": 4.7,
    "m_s_MeV": 95.0,
    "m_c_GeV": 1.27,
    "m_b_GeV": 4.18,
    "m_W_GeV": 80.3805,
    "m_Z_GeV": 91.18874087046053,
    "electron_g2": 0.00115965218073,
    "a_e": 0.00115965218073,
    "V_us": 0.2253,
    "n_s": 0.9642,
    "cmb_spectral_index": 0.9642,
    "theta_angle": 0.0,
    "strong_cp_angle": 0.0,
    "alpha_em@mu": 0.008514473052460171,
    "alpha_s@mu": 0.029862667727183365,
    "delta_m_np_dynamic_MeV": 2.3612710239629835
  },
  "1000000000.0": {
    "J": 968633788.2902558,
    "E": 2905901364.8707676,
    "Gamma": 968633321.817223,
    "g": 0.9999995184216797,