{
  "k1": 0.5110000000000008,
  "k2": 383.8380597353745,
  "k3": 13121.091886529459
}