{
  "a_e_SM": 0.00115965218161,
  "delta_QSDT": -8.8e-13,
  "a_e_pred": 0.00115965218073,
  "a_e_ref": 0.00115965218073,
  "rel_err": 0.0,
  "notes": {
    "principle": "a_e = a_e^SM + δa_e^QSDT，δ为离散网络的关系修正（零参数）"
  }
}