{
  "routes": {
    "schwinger": {
      "a_mu": 0.0011615899231935474
    },
    "qwdt_feedback_ln": {
      "a_mu": 0.001197830751396504,
      "delta": 0.031199330744295612
    },
    "cosphi": {
      "a_mu": 0.0012323217673494977
    },
    "omega_gain": {
      "a_mu": 0.0011653932141786289,
      "omega": 0.00327421141414945
    },
    "channel_weighted": {
      "a_mu": 0.0011655317839867913,
      "weights": {
        "em": 0.0018667883678453296,
        "weak": 0.00042014174920285624,
        "strong": 0.9977130698829518
      },
      "deltas": {
        "em": 0.06089226735153486,
        "weak": 0.031199330744295706,
        "strong": 0.0032742114141495193
      }
    }
  },
  "notes": {
    "principle": "多路关系：A) Schwinger 基本项；B) QSDT 低能反馈修正（零参数）",
    "status": "experimental"
  }
}