{
  "inputs": {
    "m0": 125.1,
    "g": 0.223,
    "beta_gamma": 3.75,
    "m_W_obs": 80.379,
    "m_Z_obs": 91.1876
  },
  "omega": 0.00327421141414945,
  "W": {
    "n": 1,
    "N": 153,
    "m_ref_GeV": 62.55,
    "m_pred_GeV": 80.32125215252391,
    "m_obs_GeV": 80.379,
    "rel_err": -0.0007184444628086159
  },
  "Z": {
    "n": 1,
    "N": 231,
    "m_ref_GeV": 62.55,
    "m_pred_GeV": 91.2424178304008,
    "m_obs_GeV": 91.1876,
    "rel_err": 0.0006011544376734704
  },
  "weinberg_angle": {
    "sin2_pred": 0.22506126374024338,
    "sin2_corr": 0.2463470449918373,
    "sin2_run": 0.22052579577270562,
    "sin2_run_pred": 0.22052579577270562,
    "sin2_corr_run": 0.24151631006898702,
    "sin2_qsdt_omega": 0.22506126374024343,
    "qsdt_omega_source": "fallback_g_over_gp",
    "sin2_on_shell_err": 0.00023428332924115916,
    "sin2_eff_ref": 0.2315,
    "sin2_ref": 0.231,
    "rel_err": -0.02570881497730144,
    "rel_err_corr": 0.0664374242070878,
    "rel_err_run": -0.045342875442832865,
    "rel_err_run_pred": -0.045342875442832865,
    "rel_err_corr_run": 0.045525151813796585
  },
  "notes": {
    "principle": "离散映射 (n,N)+固定ω；on-shell质量比→sin²θ_W；附录52耦合涌现与QSDT修正RG (零参数)"
  }
}