{
  "inputs": {
    "m0": 125.1,
    "g": 0.223,
    "beta_gamma": 3.75,
    "m_e_obs": 0.000511,
    "m_mu_obs": 0.10566,
    "m_tau_obs": 1.77686
  },
  "omega": 0.00327421141414945,
  "electron": {
    "n": 18,
    "m_ref_GeV": 0.0004772186279296875,
    "m_pred_GeV": 0.0004772186279296875,
    "m_pred_corr_GeV": 0.0005062775522067146,
    "m_pred_geff_GeV": 0.000490911306740109,
    "m_appendix54_tree_GeV": 0.000556692141484971,
    "m_appendix54_uni_GeV": 0.0005056003870456009,
    "m_appendix54_uni_min_GeV": 0.0004948259922690926,
    "m_appendix54_uni_max_GeV": 0.0005068353299325817,
    "m_obs_GeV": 0.000511,
    "rel_err": -0.06610836021587568,
    "rel_err_corr": -0.00924158080877767,
    "rel_err_geff": -0.039312511271802214,
    "rel_err_appendix54_tree": 0.08941710662420949,
    "rel_err_appendix54_uni": -0.01056675724931321,
    "rel_err_appendix54_uni_min": -0.03165167853406531,
    "rel_err_appendix54_uni_max": -0.00815003927087729,
    "note": "附录52：A) cosφ_n≈√(1-g/2)；B) g_eff = g / √[1+(b g²/8π²) ln(μ_n/M_H)]，b=7"
  },
  "muon": {
    "n": 11,
    "N": 335,
    "m_ref_GeV": 0.061083984375,
    "m_pred_GeV": 0.10561329242816282,
    "m_obs_GeV": 0.10566,
    "rel_err": -0.0004420553836568405
  },
  "tau": {
    "n": 7,
    "N": 366,
    "m_ref_GeV": 0.97734375,
    "m_pred_GeV": 1.7776371810868308,
    "m_obs_GeV": 1.77686,
    "rel_err": 0.00043739016401442396
  },
  "notes": {
    "principle": "反推用于识别离散映射 (n,N)，正推用于对比；全程零自由参数",
    "todo": "在 notes 中补齐 QED/几何修正的关系式后纳入计算"
  }
}