{
  "inputs": {
    "m0": 125.1,
    "g": 0.223,
    "beta_gamma": 3.75,
    "m_u_obs": 0.0022,
    "m_d_obs": 0.0047,
    "m_s_obs": 0.095,
    "m_c_obs": 1.27,
    "m_b_obs": 4.18,
    "m_t_obs": 172.76
  },
  "omega": 0.00327421141414945,
  "quarks": {
    "u": {
      "n": 16,
      "N": 87,
      "m_ref_GeV": 0.00190887451171875,
      "m_pred_GeV": 0.002200554428825312,
      "m_obs_GeV": 0.0022,
      "rel_err": 0.000252013102414499
    },
    "d": {
      "n": 15,
      "N": 127,
      "m_ref_GeV": 0.0038177490234375,
      "m_pred_GeV": 0.004698455226086448,
      "m_obs_GeV": 0.0047,
      "rel_err": -0.0003286753007557854
    },
    "s": {
      "n": 11,
      "N": 270,
      "m_ref_GeV": 0.061083984375,
      "m_pred_GeV": 0.09496858909377481,
      "m_obs_GeV": 0.095,
      "rel_err": -0.00033064111815987073
    },
    "c": {
      "n": 7,
      "N": 160,
      "m_ref_GeV": 0.97734375,
      "m_pred_GeV": 1.2694607220780334,
      "m_obs_GeV": 1.27,
      "rel_err": -0.0004246282850130857
    },
    "b": {
      "n": 5,
      "N": 41,
      "m_ref_GeV": 3.909375,
      "m_pred_GeV": 4.180325871613006,
      "m_obs_GeV": 4.18,
      "rel_err": 7.795971603011995e-05
    },
    "t": {
      "n": 0,
      "N": 197,
      "m_ref_GeV": 125.1,
      "m_pred_GeV": 172.62064939127887,
      "m_obs_GeV": 172.76,
      "rel_err": -0.0008066138499717324
    }
  },
  "notes": {
    "principle": "反推离散映射 (n,N)，正推对比；零自由参数",
    "todo": "待加入基于关系式的 QCD/几何修正"
  }
}